"id","image","image_guid","alt","title","type","link","link_guid"
"HIV","Related Education Image for HIV Care","NCD Academy Infographic on HIV and Lifelong Care","Infographic","https://www.acc.org/-/media/Non-Clinical/Files-PDFs-Excel-MS-Word-etc/Education-and-Meeting/Products-and-Resources/NCD-Academy/G24227-NCD-Academy-Infographic-HIV.pdf","{28C495B2-0C49-4636-A1E8-9A81491FE6E3}","HIV","Related Education Image for HIV Care"
,,,,,,,
,,,,,,,
,,,,,,,
,,,,,,,
,,,,,,,
,,,,,,,
,,,,,,,
,,,,,,,
,,,,,,,
,,,,,,,
,,,,,,,
,,,,,,,
,,,,,,,
,,,,,,,
,,,,,,,
,,,,,,,
